<?xml version="1.0" encoding="UTF-8"?>
<beans xmlns="http://www.springframework.org/schema/beans"
    xmlns:xsi="http://www.w3.org/2001/XMLSchema-instance"
    xsi:schemaLocation="
        http://www.springframework.org/schema/beans http://www.springframework.org/schema/beans/spring-beans.xsd">

    <!-- bean definitions here -->

<bean id="usuario" class="Usuario">
 <property name="redSocial" ref="twt"></property>
</bean>

<bean id="fbk" class="Facebook"></bean>
<bean id="twt" class="Twitter"></bean>	

</beans>